Workbook

Sheet ARTICULOS
A1: REFERENCIA | B1: ARTICULO | C1: PROVEEDOR | D1: PRECIO
A2: C001 | B2: MODEM | C2: P001 | D2: 50
A3: C002 | B3: RATON | C3: P001 | D3: 10
A4: C003 | B4: TECLADO | C4: P001 | D4: 12
A5: C004 | B5: TORRE | C5: P002 | D5: 200
A6: C005 | B6: CAJA | C6: P002 | D6: 150
A7: C006 | B7: MONITOR | C7: P001 | D7: 150
A8: C007 | B8: ALFOMBRILLA | C8: P001 | D8: 3
A9: C008 | B9: PROCESADOR | C9: P002 | D9: 300
A10: C009 | B10: DISCO | C10: P002 | D10: 100
A11: C010 | B11: TARJETA VIDEO | C11: P002 | D11: 30

Sheet COMPRAS
A1: REFERENCIA | B1: UNIDADES PEDIDAS | C1: NOMBRE ARTICULO | D1: PRECIO ARTICULO | E1: FECHA PEDIDO | F1: PROVEEDOR
A2: C001 | B2: 18 | C2: =VLOOKUP(A2,ARTICULOS!$A$2:$D$11,2,0) -> MODEM | D2: =VLOOKUP(A2,ARTICULOS!$A$1:$D$11,4,FALSE) -> 50 | E2: 37299 | F2: =VLOOKUP(A2,ARTICULOS!$A$2:$D$11,3,0) -> P001
A3: C002 | B3: 20 | C3: =VLOOKUP(A3,ARTICULOS!$A$1:$D$11,2,FALSE) -> RATON | D3: =VLOOKUP(A3,ARTICULOS!$A$1:$D$11,4,FALSE) -> 10 | E3: 37340 | F3: =VLOOKUP(A3,ARTICULOS!$A$2:$D$11,3,0) -> P001
A4: C003 | B4: 30 | C4: =VLOOKUP(COMPRAS!A4,ARTICULOS!$A$1:$D$11,2,0) -> TECLADO | D4: =VLOOKUP(A4,ARTICULOS!$A$1:$D$11,4,FALSE) -> 12 | E4: 37346 | F4: =VLOOKUP(A4,ARTICULOS!$A$2:$D$11,3,0) -> P001
A5: C001 | B5: 35 | C5: =VLOOKUP(COMPRAS!A5,ARTICULOS!$A$1:$D$11,2,0) -> MODEM | D5: =VLOOKUP(A5,ARTICULOS!$A$1:$D$11,4,FALSE) -> 50 | E5: 37370 | F5: =VLOOKUP(A5,ARTICULOS!$A$2:$D$11,3,0) -> P001
A6: C004 | B6: 40 | C6: =VLOOKUP(COMPRAS!A6,ARTICULOS!$A$1:$D$11,2,0) -> TORRE | D6: =VLOOKUP(A6,ARTICULOS!$A$1:$D$11,4,FALSE) -> 200 | E6: 37376 | F6: =VLOOKUP(A6,ARTICULOS!$A$2:$D$11,3,0) -> P002
A7: C003 | B7: 10 | C7: =VLOOKUP(COMPRAS!A7,ARTICULOS!$A$1:$D$11,2,0) -> TECLADO | D7: =VLOOKUP(A7,ARTICULOS!$A$1:$D$11,4,FALSE) -> 12 | E7: 37401 | F7: =VLOOKUP(A7,ARTICULOS!$A$2:$D$11,3,0) -> P001
A8: C001 | B8: 8 | C8: =VLOOKUP(COMPRAS!A8,ARTICULOS!$A$1:$D$11,2,0) -> MODEM | D8: =VLOOKUP(A8,ARTICULOS!$A$1:$D$11,4,FALSE) -> 50 | E8: 37404 | F8: =VLOOKUP(A8,ARTICULOS!$A$2:$D$11,3,0) -> P001
A9: C005 | B9: 90 | C9: =VLOOKUP(COMPRAS!A9,ARTICULOS!$A$1:$D$11,2,0) -> CAJA | D9: =VLOOKUP(A9,ARTICULOS!$A$1:$D$11,4,FALSE) -> 150 | E9: 37408 | F9: =VLOOKUP(A9,ARTICULOS!$A$2:$D$11,3,0) -> P002
A10: C006 | B10: 120 | C10: =VLOOKUP(COMPRAS!A10,ARTICULOS!$A$1:$D$11,2,0) -> MONITOR | D10: =VLOOKUP(A10,ARTICULOS!$A$1:$D$11,4,FALSE) -> 150 | E10: 37417 | F10: =VLOOKUP(A10,ARTICULOS!$A$2:$D$11,3,0) -> P001
A11: C005 | B11: 90 | C11: =VLOOKUP(COMPRAS!A11,ARTICULOS!$A$1:$D$11,2,0) -> CAJA | D11: =VLOOKUP(A11,ARTICULOS!$A$1:$D$11,4,FALSE) -> 150 | E11: 37427 | F11: =VLOOKUP(A11,ARTICULOS!$A$2:$D$11,3,0) -> P002
A12: C006 | B12: 65 | C12: =VLOOKUP(COMPRAS!A12,ARTICULOS!$A$1:$D$11,2,0) -> MONITOR | D12: =VLOOKUP(A12,ARTICULOS!$A$1:$D$11,4,FALSE) -> 150 | E12: 37444 | F12: =VLOOKUP(A12,ARTICULOS!$A$2:$D$11,3,0) -> P001
A13: C004 | B13: 70 | C13: =VLOOKUP(COMPRAS!A13,ARTICULOS!$A$1:$D$11,2,0) -> TORRE | D13: =VLOOKUP(A13,ARTICULOS!$A$1:$D$11,4,FALSE) -> 200 | E13: 37504 | F13: =VLOOKUP(A13,ARTICULOS!$A$2:$D$11,3,0) -> P002
A14: C003 | B14: 30 | C14: =VLOOKUP(COMPRAS!A14,ARTICULOS!$A$1:$D$11,2,0) -> TECLADO | D14: =VLOOKUP(A14,ARTICULOS!$A$1:$D$11,4,FALSE) -> 12 | E14: 37514 | F14: =VLOOKUP(A14,ARTICULOS!$A$2:$D$11,3,0) -> P001
A15: C009 | B15: 20 | C15: =VLOOKUP(COMPRAS!A15,ARTICULOS!$A$1:$D$11,2,0) -> DISCO | D15: =VLOOKUP(A15,ARTICULOS!$A$1:$D$11,4,FALSE) -> 100 | E15: 37529 | F15: =VLOOKUP(A15,ARTICULOS!$A$2:$D$11,3,0) -> P002
A16: C001 | B16: 45 | C16: =VLOOKUP(COMPRAS!A16,ARTICULOS!$A$1:$D$11,2,0) -> MODEM | D16: =VLOOKUP(A16,ARTICULOS!$A$1:$D$11,4,0) -> 50 | E16: 37541 | F16: =VLOOKUP(A16,ARTICULOS!$A$2:$D$11,3,0) -> P001
A17: C009 | B17: 61 | C17: =VLOOKUP(COMPRAS!A17,ARTICULOS!$A$1:$D$11,2,0) -> DISCO | D17: =VLOOKUP(A17,ARTICULOS!$A$2:$D$11,4,FALSE) -> 100 | E17: 37547 | F17: =VLOOKUP(A17,ARTICULOS!$A$2:$D$11,3,0) -> P002
A18: C005 | B18: 70 | C18: =VLOOKUP(COMPRAS!A18,ARTICULOS!$A$1:$D$11,2,0) -> CAJA | D18: =VLOOKUP(A18,ARTICULOS!$A$2:$D$11,4,0) -> 150 | E18: 37585 | F18: =VLOOKUP(A18,ARTICULOS!$A$2:$D$11,3,0) -> P002
A19: C003 | B19: 75 | C19: =VLOOKUP(COMPRAS!A19,ARTICULOS!$A$1:$D$11,2,0) -> TECLADO | D19: =VLOOKUP(A19,ARTICULOS!$A$2:$D$11,4,0) -> 12 | E19: 37609 | F19: =VLOOKUP(A19,ARTICULOS!$A$2:$D$11,3,FALSE) -> P001
A20: C003 | B20: 20 | C20: =VLOOKUP(COMPRAS!A20,ARTICULOS!$A$1:$D$11,2,0) -> TECLADO | D20: =VLOOKUP(A20,ARTICULOS!$A$2:$D$11,4,0) -> 12 | E20: 37626 | F20: =VLOOKUP(A20,ARTICULOS!$A$2:$D$11,3,FALSE) -> P001
A21: C005 | B21: 150 | C21: =VLOOKUP(COMPRAS!A21,ARTICULOS!$A$1:$D$11,2,0) -> CAJA | D21: =VLOOKUP(A21,ARTICULOS!$A$2:$D$11,4,0) -> 150 | E21: 37636 | F21: =VLOOKUP(A21,ARTICULOS!$A$2:$D$11,3,FALSE) -> P002
A22: C007 | B22: 40 | C22: =VLOOKUP(COMPRAS!A22,ARTICULOS!$A$1:$D$11,2,0) -> ALFOMBRILLA | D22: =VLOOKUP(A22,ARTICULOS!$A$2:$D$11,4,0) -> 3 | E22: 37662 | F22: =VLOOKUP(A22,ARTICULOS!$A$2:$D$11,3,FALSE) -> P001
A23: C008 | B23: 80 | C23: =VLOOKUP(COMPRAS!A23,ARTICULOS!$A$1:$D$11,2,0) -> PROCESADOR | D23: =VLOOKUP(A23,ARTICULOS!$A$2:$D$11,4,0) -> 300 | E23: 37736 | F23: =VLOOKUP(A23,ARTICULOS!$A$2:$D$11,3,FALSE) -> P002
A24: C006 | B24: 100 | C24: =VLOOKUP(COMPRAS!A24,ARTICULOS!$A$1:$D$11,2,0) -> MONITOR | D24: =VLOOKUP(A24,ARTICULOS!$A$2:$D$11,4,0) -> 150 | E24: 37771 | F24: =VLOOKUP(A24,ARTICULOS!$A$2:$D$11,3,FALSE) -> P001
A25: C008 | B25: 150 | C25: =VLOOKUP(COMPRAS!A25,ARTICULOS!$A$1:$D$11,2,0) -> PROCESADOR | D25: =VLOOKUP(A25,ARTICULOS!$A$2:$D$11,4,0) -> 300 | E25: 37773 | F25: =VLOOKUP(A25,ARTICULOS!$A$2:$D$11,3,FALSE) -> P002
A26: C001 | B26: 125 | C26: =VLOOKUP(COMPRAS!A26,ARTICULOS!$A$1:$D$11,2,0) -> MODEM | D26: =VLOOKUP(A26,ARTICULOS!$A$2:$D$11,4,0) -> 50 | E26: 37790 | F26: =VLOOKUP(A26,ARTICULOS!$A$2:$D$11,3,FALSE) -> P001
A27: C006 | B27: 30 | C27: =VLOOKUP(COMPRAS!A27,ARTICULOS!$A$1:$D$11,2,0) -> MONITOR | D27: =VLOOKUP(A27,ARTICULOS!$A$2:$D$11,4,0) -> 150 | E27: 37822 | F27: =VLOOKUP(A27,ARTICULOS!$A$2:$D$11,3,FALSE) -> P001
A28: C005 | B28: 10 | C28: =VLOOKUP(COMPRAS!A28,ARTICULOS!$A$1:$D$11,2,0) -> CAJA | D28: =VLOOKUP(A28,ARTICULOS!$A$2:$D$11,4,0) -> 150 | E28: 37865 | F28: =VLOOKUP(A28,ARTICULOS!$A$2:$D$11,3,FALSE) -> P002
A29: C008 | B29: 5 | C29: =VLOOKUP(COMPRAS!A29,ARTICULOS!$A$1:$D$11,2,0) -> PROCESADOR | D29: =VLOOKUP(A29,ARTICULOS!$A$2:$D$11,4,0) -> 300 | E29: 37874 | F29: =VLOOKUP(A29,ARTICULOS!$A$2:$D$11,3,FALSE) -> P002
A30: C009 | B30: 125 | C30: =VLOOKUP(COMPRAS!A30,ARTICULOS!$A$1:$D$11,2,0) -> DISCO | D30: =VLOOKUP(A30,ARTICULOS!$A$2:$D$11,4,0) -> 100 | E30: 37882 | F30: =VLOOKUP(A30,ARTICULOS!$A$2:$D$11,3,FALSE) -> P002
... A36: C010 | B36: 90 | C36: =VLOOKUP(COMPRAS!A36,ARTICULOS!$A$1:$D$11,2,0) -> TARJETA VIDEO | D36: =VLOOKUP(A36,ARTICULOS!$A$2:$D$11,4,0) -> 30 | E36: 37940 | F36: =VLOOKUP(A36,ARTICULOS!$A$2:$D$11,3,FALSE) -> P002
